{"count":1,"self":102.56750079999999,"total":193.2532914,"children":{"InitializeActuators":{"count":128,"self":0.0034666999999999996,"total":0.0034666999999999996,"children":null},"InitializeSensors":{"count":128,"self":0.0061116999999999994,"total":0.0061116999999999994,"children":null},"AgentSendState":{"count":45517,"self":6.3113844,"total":8.1625596,"children":{"CollectObservations":{"count":72832,"self":0.2541369,"total":0.2541369,"children":null},"WriteActionMask":{"count":72832,"self":0.062713999999999992,"total":0.062713999999999992,"children":null},"RequestDecision":{"count":72832,"self":0.2944467,"total":1.5343242,"children":{"AgentInfo.ToProto":{"count":72832,"self":0.3533532,"total":1.2398775,"children":{"GenerateSensorData":{"count":72832,"self":0.73670499999999994,"total":0.88652429999999993,"children":{"RayPerceptionSensor.Perceive":{"count":72832,"self":0.1498193,"total":0.1498193,"children":null}}}}}}}}},"DecideAction":{"count":45517,"self":82.1305728,"total":82.13057049999999,"children":null},"AgentAct":{"count":45517,"self":0.3749656,"total":0.3749656,"children":null},"AgentInfo.ToProto":{"count":120,"self":0.0040247999999999994,"total":0.0056013,"children":{"GenerateSensorData":{"count":120,"self":0.0015765,"total":0.0015765,"children":{"RayPerceptionSensor.Perceive":{"count":120,"self":0,"total":0,"children":null}}}}}},"gauges":{},"metadata":{"timer_format_version":"0.1.0","start_time_seconds":"1750106617","unity_version":"6000.0.43f1","command_line_arguments":"C:\\Program Files\\Unity\\Hub\\Editor\\6000.0.43f1\\Editor\\Unity.exe -projectpath C:\\F1-game -useHub -hubIPC -cloudEnvironment production","communication_protocol_version":"1.5.0","com.unity.ml-agents_version":"3.0.0","scene_name":"SimpleTrack","end_time_seconds":"1750106811"}}